Hero,Role,Pick_rate,Win_rate,Tie_Rate,On_fire,Platform,Rank,Date
Reinhardt,TANK,11.59,51.01,2.43,7.83,PC,All,42:19.9
Ana,SUPPORT,10.34,49.4,2.18,10.28,PC,All,42:19.9
Zarya,TANK,6.75,50.24,2.22,9.7,PC,All,42:19.9
Moira,SUPPORT,6.39,50.38,2.36,9.31,PC,All,42:19.9
Lucio,SUPPORT,6.09,50.81,2.03,10.83,PC,All,42:19.9
Zenyatta,SUPPORT,5.13,52.43,2.21,7.12,PC,All,42:19.9
Mercy,SUPPORT,5.05,49.96,2.48,1.83,PC,All,42:19.9
D.Va,TANK,4.87,49.8,2.25,6.33,PC,All,42:19.9
Genji,OFFENSE,4.26,49.93,1.8,10.93,PC,All,42:19.9
McCree,OFFENSE,3.96,47.11,1.71,10.12,PC,All,42:19.9
Hanzo,DEFENSE,3.25,48.64,2.04,12.65,PC,All,42:19.9
Reaper,OFFENSE,2.84,51.06,1.93,16.02,PC,All,42:19.9
Roadhog,TANK,2.78,50.11,1.75,8.96,PC,All,42:19.9
Winston,TANK,2.67,48.28,1.86,5.6,PC,All,42:19.9
Widowmaker,DEFENSE,2.64,48.99,1.64,8.47,PC,All,42:19.9
Ashe,OFFENSE,2.58,52.32,2.03,9.45,PC,All,42:19.9
Wrecking Ball,TANK,2.33,51.39,1.96,2.74,PC,All,42:19.9
Brigitte,SUPPORT,2.12,53.8,1.98,12.42,PC,All,42:19.9
Junkrat,DEFENSE,2.01,50.39,2.4,10.76,PC,All,42:19.9
Orisa,TANK,1.84,53.51,2.02,7.98,PC,All,42:19.9
Pharah,OFFENSE,1.61,50.8,1.76,11.75,PC,All,42:19.9
Tracer,OFFENSE,1.59,47.31,1.67,6.95,PC,All,42:19.9
Soldier: 76,OFFENSE,1.57,50.09,1.92,9.64,PC,All,42:19.9
Sombra,OFFENSE,1.26,46.84,2.16,13.68,PC,All,42:19.9
Mei,DEFENSE,1.14,51.44,2.22,9.08,PC,All,42:19.9
Torbjorn,DEFENSE,1,57.12,2.68,8.84,PC,All,42:19.9
Doomfist,OFFENSE,0.95,52.31,1.66,7.38,PC,All,42:19.9
Symmetra,SUPPORT,0.87,56.37,2.69,8.09,PC,All,42:19.9
Bastion,DEFENSE,0.51,48.82,2.58,15.38,PC,All,42:19.9
Reinhardt,TANK,9.88,47.64,2.26,8.09,PC,Bronze,42:19.9
Moira,SUPPORT,9.14,47.95,2.62,8.32,PC,Bronze,42:19.9
Mercy,SUPPORT,7.59,45.55,2.51,1.31,PC,Bronze,42:19.9
D.Va,TANK,7.42,46.38,2.06,6.16,PC,Bronze,42:19.9
Lucio,SUPPORT,5.88,47.23,2.08,9.36,PC,Bronze,42:19.9
Ana,SUPPORT,5.66,44.23,2.33,7.15,PC,Bronze,42:19.9
Orisa,TANK,4.09,50.5,2.37,6.55,PC,Bronze,42:19.9
Junkrat,DEFENSE,4.05,45.58,2.23,11.67,PC,Bronze,42:19.9
Reaper,OFFENSE,3.88,49.25,1.68,16.83,PC,Bronze,42:19.9
Zenyatta,SUPPORT,3.47,49.17,2.42,7.52,PC,Bronze,42:19.9
Zarya,TANK,3.41,46.7,1.68,5.79,PC,Bronze,42:19.9
Brigitte,SUPPORT,2.74,52.69,1.84,12.04,PC,Bronze,42:19.9
Roadhog,TANK,2.59,42.47,2.11,6.38,PC,Bronze,42:19.9
Genji,OFFENSE,2.49,45.55,1.66,8.84,PC,Bronze,42:19.9
Hanzo,DEFENSE,2.41,41.77,1.98,10.32,PC,Bronze,42:19.9
McCree,OFFENSE,2.36,41.62,1.98,10.24,PC,Bronze,42:19.9
Soldier: 76,OFFENSE,2.3,43.71,2.08,9.15,PC,Bronze,42:19.9
Torbjorn,DEFENSE,2.14,52.94,1.99,9.86,PC,Bronze,42:19.9
Pharah,OFFENSE,2.1,45.05,1.78,8.76,PC,Bronze,42:19.9
Widowmaker,DEFENSE,2.05,42.16,1.56,7.09,PC,Bronze,42:19.9
Ashe,OFFENSE,2,45.07,1.59,7.34,PC,Bronze,42:19.9
Winston,TANK,1.87,43.36,2.06,4.13,PC,Bronze,42:19.9
Wrecking Ball,TANK,1.84,43.44,1.81,2.22,PC,Bronze,42:19.9
Symmetra,SUPPORT,1.75,54.49,2.66,9.51,PC,Bronze,42:19.9
Bastion,DEFENSE,1.75,46.08,2.2,15.29,PC,Bronze,42:19.9
Mei,DEFENSE,1.69,45.16,1.5,10.77,PC,Bronze,42:19.9
Sombra,OFFENSE,1.44,36,1.67,8.78,PC,Bronze,42:19.9
Tracer,OFFENSE,1.03,35.64,1.42,5.86,PC,Bronze,42:19.9
Doomfist,OFFENSE,0.98,46.62,1.09,7.29,PC,Bronze,42:19.9
Reinhardt,TANK,9.88,49.43,2.44,8.11,PC,Silver,42:19.9
Moira,SUPPORT,8.87,47.9,2.45,8.67,PC,Silver,42:19.9
Ana,SUPPORT,7.69,45.96,2.4,8.68,PC,Silver,42:19.9
Mercy,SUPPORT,7.21,47.26,2.64,1.41,PC,Silver,42:19.9
D.Va,TANK,6.39,48.51,2.48,6.71,PC,Silver,42:19.9
Lucio,SUPPORT,5.79,49.56,1.95,10.37,PC,Silver,42:19.9
Zarya,TANK,4.78,47.34,2.43,6.91,PC,Silver,42:19.9
Reaper,OFFENSE,3.95,48.83,2.06,16.48,PC,Silver,42:19.9
Junkrat,DEFENSE,3.84,48.31,2.28,11.71,PC,Silver,42:19.9
Zenyatta,SUPPORT,3.77,49.08,2.56,7.56,PC,Silver,42:19.9
Genji,OFFENSE,3.01,46.11,1.8,9.92,PC,Silver,42:19.9
Orisa,TANK,2.86,50.99,2.5,7.5,PC,Silver,42:19.9
Hanzo,DEFENSE,2.72,45.84,2.13,11.55,PC,Silver,42:19.9
Brigitte,SUPPORT,2.7,52.78,2.03,12.19,PC,Silver,42:19.9
McCree,OFFENSE,2.69,44.72,1.79,10.27,PC,Silver,42:19.9
Roadhog,TANK,2.67,47.05,2.2,7.68,PC,Silver,42:19.9
Pharah,OFFENSE,2.14,48.84,1.97,10.92,PC,Silver,42:19.9
Winston,TANK,2.09,45.5,1.85,5.17,PC,Silver,42:19.9
Ashe,OFFENSE,2.04,47.06,2.61,8.2,PC,Silver,42:19.9
Wrecking Ball,TANK,1.92,48.29,2.13,2.29,PC,Silver,42:19.9
Soldier: 76,OFFENSE,1.87,46.41,2.13,9.51,PC,Silver,42:19.9
Widowmaker,DEFENSE,1.64,44.05,1.75,7.32,PC,Silver,42:19.9
Mei,DEFENSE,1.5,47.66,2.37,10.18,PC,Silver,42:19.9
Torbjorn,DEFENSE,1.38,54,2.7,9.2,PC,Silver,42:19.9
Symmetra,SUPPORT,1.16,54.09,2.68,8.85,PC,Silver,42:19.9
Tracer,OFFENSE,1.04,42.54,1.77,6.81,PC,Silver,42:19.9
Bastion,DEFENSE,0.93,46.15,3.03,14.49,PC,Silver,42:19.9
Sombra,OFFENSE,0.92,40.76,2.57,10.74,PC,Silver,42:19.9
Doomfist,OFFENSE,0.67,47.01,1.94,7.59,PC,Silver,42:19.9
Reinhardt,TANK,11.75,49.43,2.57,7.98,PC,Gold,42:19.9
Ana,SUPPORT,9.44,47.52,2.24,9.57,PC,Gold,42:19.9
Moira,SUPPORT,7.96,49.63,2.46,9.09,PC,Gold,42:19.9
Zarya,TANK,6.08,48.54,2.34,8.27,PC,Gold,42:19.9
Mercy,SUPPORT,5.99,49.4,2.56,1.7,PC,Gold,42:19.9
D.Va,TANK,5.39,49.69,2.31,6.53,PC,Gold,42:19.9
Lucio,SUPPORT,5.32,50.41,1.92,10.63,PC,Gold,42:19.9
Zenyatta,SUPPORT,4.44,51.76,2.26,7.2,PC,Gold,42:19.9
McCree,OFFENSE,3.76,45.97,1.77,9.9,PC,Gold,42:19.9
Genji,OFFENSE,3.71,48.22,1.91,10.46,PC,Gold,42:19.9
Reaper,OFFENSE,3.6,50.46,2.01,16.37,PC,Gold,42:19.9
Hanzo,DEFENSE,2.94,47,2.16,12,PC,Gold,42:19.9
Roadhog,TANK,2.81,48.62,1.81,8.47,PC,Gold,42:19.9
Junkrat,DEFENSE,2.65,50.29,2.52,10.82,PC,Gold,42:19.9
Ashe,OFFENSE,2.54,51.07,2.1,8.89,PC,Gold,42:19.9
Brigitte,SUPPORT,2.33,54.24,2.04,12.7,PC,Gold,42:19.9
Winston,TANK,2.18,46.66,1.72,5.32,PC,Gold,42:19.9
Widowmaker,DEFENSE,2.08,46.88,1.55,7.79,PC,Gold,42:19.9
Wrecking Ball,TANK,2.06,50.15,2.09,2.49,PC,Gold,42:19.9
Pharah,OFFENSE,2.04,51.07,1.87,11.68,PC,Gold,42:19.9
Orisa,TANK,1.97,53.22,1.94,8.16,PC,Gold,42:19.9
Soldier: 76,OFFENSE,1.64,48.71,1.91,9.49,PC,Gold,42:19.9
Mei,DEFENSE,1.28,50.9,2.23,9.29,PC,Gold,42:19.9
Tracer,OFFENSE,1.14,44.79,1.73,6.61,PC,Gold,42:19.9
Sombra,OFFENSE,1.06,44.15,2.39,13.27,PC,Gold,42:19.9
Torbjorn,DEFENSE,0.96,57.42,2.92,8.85,PC,Gold,42:19.9
Symmetra,SUPPORT,0.95,56.75,3,8.7,PC,Gold,42:19.9
Doomfist,OFFENSE,0.86,49.72,1.61,7.47,PC,Gold,42:19.9
Bastion,DEFENSE,0.55,48.53,2.88,15.33,PC,Gold,42:19.9
Reinhardt,TANK,11.76,51.71,2.45,7.78,PC,Platinum,42:19.9
Ana,SUPPORT,11.17,50.18,2.2,10.72,PC,Platinum,42:19.9
Zarya,TANK,7.5,50.8,2.29,10.02,PC,Platinum,42:19.9
Moira,SUPPORT,6,52.01,2.3,9.8,PC,Platinum,42:19.9
Lucio,SUPPORT,5.64,51.14,2.1,11.01,PC,Platinum,42:19.9
Zenyatta,SUPPORT,5.53,52.79,2.24,7.12,PC,Platinum,42:19.9
Genji,OFFENSE,4.81,50.4,1.89,11.34,PC,Platinum,42:19.9
McCree,OFFENSE,4.7,47.52,1.71,10.33,PC,Platinum,42:19.9
Mercy,SUPPORT,4.43,51.34,2.41,2.07,PC,Platinum,42:19.9
D.Va,TANK,4.03,50.86,2.22,6.53,PC,Platinum,42:19.9
Hanzo,DEFENSE,3.6,49.35,2.13,13.18,PC,Platinum,42:19.9
Roadhog,TANK,3.02,51.34,1.69,9.73,PC,Platinum,42:19.9
Ashe,OFFENSE,2.87,53.26,2.05,9.9,PC,Platinum,42:19.9
Widowmaker,DEFENSE,2.83,49.42,1.74,8.77,PC,Platinum,42:19.9
Reaper,OFFENSE,2.76,52.68,1.86,15.81,PC,Platinum,42:19.9
Winston,TANK,2.58,48.32,1.83,5.88,PC,Platinum,42:19.9
Wrecking Ball,TANK,2.36,52.08,2.04,2.93,PC,Platinum,42:19.9
Brigitte,SUPPORT,1.79,54.39,1.92,12.39,PC,Platinum,42:19.9
Tracer,OFFENSE,1.63,46.88,1.55,6.95,PC,Platinum,42:19.9
Pharah,OFFENSE,1.51,52.2,1.7,12.68,PC,Platinum,42:19.9
Soldier: 76,OFFENSE,1.42,51.26,1.77,9.75,PC,Platinum,42:19.9
Junkrat,DEFENSE,1.42,52.93,2.49,10.15,PC,Platinum,42:19.9
Orisa,TANK,1.41,54.89,1.85,8.36,PC,Platinum,42:19.9
Sombra,OFFENSE,1.26,48.08,2.03,14.31,PC,Platinum,42:19.9
Mei,DEFENSE,1.01,52.95,2.1,8.9,PC,Platinum,42:19.9
Doomfist,OFFENSE,0.97,53.43,1.62,7.41,PC,Platinum,42:19.9
Torbjorn,DEFENSE,0.87,59.33,2.81,9.02,PC,Platinum,42:19.9
Symmetra,SUPPORT,0.78,57.76,2.4,7.71,PC,Platinum,42:19.9
Bastion,DEFENSE,0.36,52.91,2.35,16.4,PC,Platinum,42:19.9
Ana,SUPPORT,12.71,51.86,2.11,10.96,PC,Diamond,42:19.9
Reinhardt,TANK,11.04,52.65,2.32,7.26,PC,Diamond,42:19.9
Zarya,TANK,8.3,52.45,2.1,11.02,PC,Diamond,42:19.9
Lucio,SUPPORT,6.8,51.83,2.02,10.63,PC,Diamond,42:19.9
Zenyatta,SUPPORT,6.38,53.96,1.88,6.43,PC,Diamond,42:19.9
Genji,OFFENSE,5.75,52.43,1.64,11.41,PC,Diamond,42:19.9
McCree,OFFENSE,4.66,49.18,1.65,10.18,PC,Diamond,42:19.9
Widowmaker,DEFENSE,3.69,51.39,1.63,9.22,PC,Diamond,42:19.9
Hanzo,DEFENSE,3.69,51.61,1.83,13.51,PC,Diamond,42:19.9
Moira,SUPPORT,3.64,53.94,1.94,10.14,PC,Diamond,42:19.9
D.Va,TANK,3.51,51.04,1.8,5.57,PC,Diamond,42:19.9
Winston,TANK,3.43,50.4,1.88,5.83,PC,Diamond,42:19.9
Mercy,SUPPORT,3.13,53.74,2.23,2.47,PC,Diamond,42:19.9
Ashe,OFFENSE,2.88,55.42,1.66,10.17,PC,Diamond,42:19.9
Wrecking Ball,TANK,2.82,54.01,1.65,2.91,PC,Diamond,42:19.9
Roadhog,TANK,2.73,53.11,1.53,9.38,PC,Diamond,42:19.9
Tracer,OFFENSE,2.41,50.76,1.78,7.11,PC,Diamond,42:19.9
Brigitte,SUPPORT,1.51,55.49,1.79,11.6,PC,Diamond,42:19.9
Sombra,OFFENSE,1.5,51.65,1.93,14.76,PC,Diamond,42:19.9
Soldier: 76,OFFENSE,1.43,54.69,1.8,9.82,PC,Diamond,42:19.9
Reaper,OFFENSE,1.39,52.86,1.73,13.96,PC,Diamond,42:19.9
Orisa,TANK,1.27,57.46,1.71,8.09,PC,Diamond,42:19.9
Doomfist,OFFENSE,1.15,54.67,1.49,7.22,PC,Diamond,42:19.9
Pharah,OFFENSE,0.96,51.24,1.2,12.15,PC,Diamond,42:19.9
Mei,DEFENSE,0.91,57.28,2.68,7.78,PC,Diamond,42:19.9
Torbjorn,DEFENSE,0.79,57.93,2.53,8.1,PC,Diamond,42:19.9
Junkrat,DEFENSE,0.72,54.14,2.06,8.64,PC,Diamond,42:19.9
Symmetra,SUPPORT,0.56,56.63,2.39,6.36,PC,Diamond,42:19.9
Bastion,DEFENSE,0.24,49.16,1.52,15.46,PC,Diamond,42:19.9
Ana,SUPPORT,13.92,51.62,1.83,11.17,PC,Master,42:19.9
Reinhardt,TANK,10.01,51.66,1.96,7.11,PC,Master,42:19.9
Lucio,SUPPORT,9.62,50.48,2.05,11.08,PC,Master,42:19.9
Zarya,TANK,8.17,51.88,1.61,11.99,PC,Master,42:19.9
Zenyatta,SUPPORT,6.67,54.48,1.99,6.32,PC,Master,42:19.9
Genji,OFFENSE,5.06,52.49,1.26,10.66,PC,Master,42:19.9
Winston,TANK,4.84,49.92,2.08,5.68,PC,Master,42:19.9
D.Va,TANK,4.47,50.02,2.11,4.92,PC,Master,42:19.9
Widowmaker,DEFENSE,4.01,53.15,1.61,8.38,PC,Master,42:19.9
McCree,OFFENSE,3.56,49.4,1.56,9.44,PC,Master,42:19.9
Hanzo,DEFENSE,3.54,50.3,1.62,12.65,PC,Master,42:19.9
Wrecking Ball,TANK,3.18,52.91,1.61,2.98,PC,Master,42:19.9
Tracer,OFFENSE,2.68,50.94,1.81,6.94,PC,Master,42:19.9
Mercy,SUPPORT,2.67,53.26,1.82,2.63,PC,Master,42:19.9
Ashe,OFFENSE,2.24,56.36,1.74,10.21,PC,Master,42:19.9
Roadhog,TANK,2.04,53.53,1.38,9.63,PC,Master,42:19.9
Brigitte,SUPPORT,1.89,48.81,1.73,11.31,PC,Master,42:19.9
Sombra,OFFENSE,1.89,50.36,1.59,14.77,PC,Master,42:19.9
Moira,SUPPORT,1.78,52.92,1.49,10.04,PC,Master,42:19.9
Orisa,TANK,1.32,53.85,1.14,8.04,PC,Master,42:19.9
Doomfist,OFFENSE,1.3,57.23,2.04,6.72,PC,Master,42:19.9
Soldier: 76,OFFENSE,1.28,53.7,2.21,9.31,PC,Master,42:19.9
Torbjorn,DEFENSE,0.87,57.64,1.93,7.21,PC,Master,42:19.9
Mei,DEFENSE,0.71,49.68,2.1,6.17,PC,Master,42:19.9
Reaper,OFFENSE,0.69,54.98,1.15,13.45,PC,Master,42:19.9
Symmetra,SUPPORT,0.53,55.84,2.15,5.53,PC,Master,42:19.9
Pharah,OFFENSE,0.51,51.23,1.39,9.92,PC,Master,42:19.9
Junkrat,DEFENSE,0.36,53.71,1.94,6.41,PC,Master,42:19.9
Bastion,DEFENSE,0.17,49.73,1.58,13.96,PC,Master,42:19.9
Lucio,SUPPORT,11.62,53.58,2.38,12.83,PC,Grandmaster,42:19.9
Ana,SUPPORT,10.07,53.18,1.77,12.48,PC,Grandmaster,42:19.9
Reinhardt,TANK,8.85,53.3,1.85,9.35,PC,Grandmaster,42:19.9
Zarya,TANK,8.36,53.56,1.94,15.5,PC,Grandmaster,42:19.9
Zenyatta,SUPPORT,7.25,53.56,2.35,9.79,PC,Grandmaster,42:19.9
D.Va,TANK,6.54,50.01,2.5,5.44,PC,Grandmaster,42:19.9
Winston,TANK,5.24,53.23,2.22,5.69,PC,Grandmaster,42:19.9
Widowmaker,DEFENSE,4.15,52.53,1.18,9.31,PC,Grandmaster,42:19.9
Brigitte,SUPPORT,3.75,53.14,2.52,14.52,PC,Grandmaster,42:19.9
Wrecking Ball,TANK,3.67,53.66,1.89,3.18,PC,Grandmaster,42:19.9
Hanzo,DEFENSE,3.4,52.42,1.54,13.14,PC,Grandmaster,42:19.9
Tracer,OFFENSE,3.05,53.48,1.44,8.27,PC,Grandmaster,42:19.9
Genji,OFFENSE,3,54.64,2.08,11.88,PC,Grandmaster,42:19.9
Mercy,SUPPORT,2.91,56.64,2.09,1.83,PC,Grandmaster,42:19.9
McCree,OFFENSE,2.41,50,0.98,9.75,PC,Grandmaster,42:19.9
Sombra,OFFENSE,2.38,50.91,3.04,14.74,PC,Grandmaster,42:19.9
Roadhog,TANK,2.03,55.28,0.91,10.09,PC,Grandmaster,42:19.9
Ashe,OFFENSE,1.78,57.28,1.8,11.19,PC,Grandmaster,42:19.9
Orisa,TANK,1.75,56.55,2.4,9.01,PC,Grandmaster,42:19.9
Soldier: 76,OFFENSE,1.48,59.21,2.17,11.41,PC,Grandmaster,42:19.9
Doomfist,OFFENSE,1.23,60.48,2.47,8.06,PC,Grandmaster,42:19.9
Torbjorn,DEFENSE,1.15,58.15,2.34,7.86,PC,Grandmaster,42:19.9
Moira,SUPPORT,1.01,55.35,1.51,13.09,PC,Grandmaster,42:19.9
Mei,DEFENSE,0.81,57.51,1.87,7.2,PC,Grandmaster,42:19.9
Symmetra,SUPPORT,0.67,55.06,3.75,5.13,PC,Grandmaster,42:19.9
Junkrat,DEFENSE,0.49,62.81,1.72,8.24,PC,Grandmaster,42:19.9
Pharah,OFFENSE,0.4,52.54,0,12.49,PC,Grandmaster,42:19.9
Reaper,OFFENSE,0.38,59.17,2.24,12.3,PC,Grandmaster,42:19.9
Bastion,DEFENSE,0.18,54.29,0.94,16.39,PC,Grandmaster,42:19.9
Reinhardt,TANK,10.3,50.9,2.47,7.69,PSN,All,30:02.1
Moira,SUPPORT,7.76,50.85,2.48,9.56,PSN,All,30:02.1
Lucio,SUPPORT,7.75,52.27,2.14,12.14,PSN,All,30:02.1
Mercy,SUPPORT,7.61,50.37,2.4,1.73,PSN,All,30:02.1
D.Va,TANK,5.92,51.63,2.2,8.34,PSN,All,30:02.1
Zarya,TANK,5.64,50.06,2.38,10.85,PSN,All,30:02.1
Ana,SUPPORT,4.89,47.35,2.26,9.2,PSN,All,30:02.1
Zenyatta,SUPPORT,3.8,52.41,2.15,8.19,PSN,All,30:02.1
Reaper,OFFENSE,3.49,50.12,1.97,17.35,PSN,All,30:02.1
Orisa,TANK,3.44,54.5,2.14,8.97,PSN,All,30:02.1
Roadhog,TANK,3.27,49.89,1.56,10.64,PSN,All,30:02.1
McCree,OFFENSE,3.27,47.82,1.53,11.45,PSN,All,30:02.1
Hanzo,DEFENSE,3.23,48.16,2.04,14.02,PSN,All,30:02.1
Genji,OFFENSE,3.09,48.11,1.64,10.11,PSN,All,30:02.1
Junkrat,DEFENSE,2.77,51.13,2.67,11.67,PSN,All,30:02.1
Widowmaker,DEFENSE,2.58,47.77,1.55,9.44,PSN,All,30:02.1
Wrecking Ball,TANK,2.33,50.9,1.72,3.14,PSN,All,30:02.1
Brigitte,SUPPORT,2.15,55.09,1.86,12.86,PSN,All,30:02.1
Pharah,OFFENSE,2.14,49.79,1.92,13.9,PSN,All,30:02.1
Ashe,OFFENSE,2.11,50.11,1.86,9.53,PSN,All,30:02.1
Sombra,OFFENSE,1.9,46.98,2.14,15.67,PSN,All,30:02.1
Soldier: 76,OFFENSE,1.87,50.7,1.77,11.43,PSN,All,30:02.1
Tracer,OFFENSE,1.66,46.78,1.44,9.1,PSN,All,30:02.1
Symmetra,SUPPORT,1.57,57.06,3.01,10.07,PSN,All,30:02.1
Winston,TANK,1.33,46.53,1.78,5.01,PSN,All,30:02.1
Torbjorn,DEFENSE,1.26,54.51,2.5,9.49,PSN,All,30:02.1
Mei,DEFENSE,1.19,50.37,2.1,9.9,PSN,All,30:02.1
Bastion,DEFENSE,0.94,49.99,2.7,15.68,PSN,All,30:02.1
Doomfist,OFFENSE,0.76,48.93,1.59,7.27,PSN,All,30:02.1
Moira,SUPPORT,10.02,45.48,3.25,6.95,PSN,Bronze,30:02.1
Mercy,SUPPORT,8.77,45.99,2.44,0.83,PSN,Bronze,30:02.1
D.Va,TANK,8.34,50.42,2.7,6.24,PSN,Bronze,30:02.1
Reinhardt,TANK,8.32,43.37,2.16,5.13,PSN,Bronze,30:02.1
Lucio,SUPPORT,6.39,45.1,1.23,6.89,PSN,Bronze,30:02.1
Orisa,TANK,5,46.56,2.02,6.03,PSN,Bronze,30:02.1
Reaper,OFFENSE,4.31,45.58,2.61,14.67,PSN,Bronze,30:02.1
Junkrat,DEFENSE,3.74,42.77,2.4,10.59,PSN,Bronze,30:02.1
Symmetra,SUPPORT,3.71,49.38,2.42,8.01,PSN,Bronze,30:02.1
Zarya,TANK,3.59,39.12,0.63,5.46,PSN,Bronze,30:02.1
Zenyatta,SUPPORT,3.23,47.89,1.05,6.72,PSN,Bronze,30:02.1
Ana,SUPPORT,3.08,35.96,2.55,5.01,PSN,Bronze,30:02.1
Sombra,OFFENSE,2.84,27.6,1.19,6.68,PSN,Bronze,30:02.1
Widowmaker,DEFENSE,2.54,41.26,1.33,6.86,PSN,Bronze,30:02.1
Brigitte,SUPPORT,2.41,51.46,3.74,8.98,PSN,Bronze,30:02.1
Mei,DEFENSE,2.33,36.14,2.42,5.81,PSN,Bronze,30:02.1
Genji,OFFENSE,2.3,38,2.44,13.4,PSN,Bronze,30:02.1
Roadhog,TANK,2.27,37.76,2.97,7.17,PSN,Bronze,30:02.1
Bastion,DEFENSE,2.19,38.62,3.08,12.35,PSN,Bronze,30:02.1
Torbjorn,DEFENSE,2.06,48.31,2.73,8.64,PSN,Bronze,30:02.1
Soldier: 76,OFFENSE,1.95,43.79,2.31,10.42,PSN,Bronze,30:02.1
Pharah,OFFENSE,1.72,47.68,1.31,13.35,PSN,Bronze,30:02.1
Hanzo,DEFENSE,1.7,42.76,3.97,10.11,PSN,Bronze,30:02.1
Winston,TANK,1.28,34.86,4.39,3.04,PSN,Bronze,30:02.1
Tracer,OFFENSE,1.28,39.29,1.75,9.65,PSN,Bronze,30:02.1
Ashe,OFFENSE,1.25,45.05,0,7.83,PSN,Bronze,30:02.1
McCree,OFFENSE,1.24,45.45,0,20,PSN,Bronze,30:02.1
Wrecking Ball,TANK,1.23,25.93,0.92,1.72,PSN,Bronze,30:02.1
Doomfist,OFFENSE,0.92,25.93,1.22,7.87,PSN,Bronze,30:02.1
Moira,SUPPORT,10.02,45.48,3.25,6.95,PSN,Silver,30:02.1
D.Va,TANK,8.74,48.22,2.47,7.62,PSN,Silver,30:02.1
Reinhardt,TANK,8.61,46.91,2.11,6.49,PSN,Silver,30:02.1
Mercy,SUPPORT,7.98,45.99,2.27,1.25,PSN,Silver,30:02.1
Lucio,SUPPORT,7.56,48.76,2.08,10.29,PSN,Silver,30:02.1
Orisa,TANK,4.53,50.02,2.44,7.64,PSN,Silver,30:02.1
Junkrat,DEFENSE,4.44,47.36,1.87,11.82,PSN,Silver,30:02.1
Zenyatta,SUPPORT,3.83,49.58,2.25,8.23,PSN,Silver,30:02.1
Reaper,OFFENSE,3.6,47.64,2.35,16.69,PSN,Silver,30:02.1
Ana,SUPPORT,3.57,43.55,2.62,7.12,PSN,Silver,30:02.1
Zarya,TANK,3.48,45.81,2.33,6.89,PSN,Silver,30:02.1
Brigitte,SUPPORT,2.58,50.65,2.55,10.4,PSN,Silver,30:02.1
Symmetra,SUPPORT,2.58,55.63,3.49,9.94,PSN,Silver,30:02.1
Soldier: 76,OFFENSE,2.31,46.22,1.27,11.17,PSN,Silver,30:02.1
Bastion,DEFENSE,2.17,48.85,2.78,15.03,PSN,Silver,30:02.1
Wrecking Ball,TANK,2.12,47.14,1.95,2.27,PSN,Silver,30:02.1
Hanzo,DEFENSE,2.12,44.98,1.71,11.53,PSN,Silver,30:02.1
Roadhog,TANK,2.11,45.83,1.56,7.58,PSN,Silver,30:02.1
Ashe,OFFENSE,2.05,48.48,2.53,6.49,PSN,Silver,30:02.1
Widowmaker,DEFENSE,1.83,40.51,1.13,6.99,PSN,Silver,30:02.1
Torbjorn,DEFENSE,1.75,51.28,3.07,9.41,PSN,Silver,30:02.1
Genji,OFFENSE,1.74,44.23,1.59,7.16,PSN,Silver,30:02.1
Mei,DEFENSE,1.63,47.08,2.12,9.22,PSN,Silver,30:02.1
McCree,OFFENSE,1.63,44.03,2.12,10.07,PSN,Silver,30:02.1
Sombra,OFFENSE,1.53,37,1.69,10.77,PSN,Silver,30:02.1
Pharah,OFFENSE,1.44,45.72,1.8,7.49,PSN,Silver,30:02.1
Tracer,OFFENSE,1.34,42.88,1.16,7.7,PSN,Silver,30:02.1
Winston,TANK,1.24,46.16,3.63,3.93,PSN,Silver,30:02.1
Doomfist,OFFENSE,0.61,42.17,0.85,7.29,PSN,Silver,30:02.1
Moira,SUPPORT,10.89,48.16,2.46,8.43,PSN,Gold,30:02.1
Moira,SUPPORT,9.52,49.1,2.66,9.17,PSN,Gold,30:02.1
Lucio,SUPPORT,7.71,50.85,2.25,11.52,PSN,Gold,30:02.1
D.Va,TANK,7.49,50.7,2.25,8.22,PSN,Gold,30:02.1
Mercy,SUPPORT,7.36,47.77,2.76,1.4,PSN,Gold,30:02.1
Zarya,TANK,4.86,47.57,2.71,8.57,PSN,Gold,30:02.1
Reaper,OFFENSE,4.3,48.14,2.07,16.78,PSN,Gold,30:02.1
Ana,SUPPORT,4.3,44.24,2.51,8.39,PSN,Gold,30:02.1
Junkrat,DEFENSE,3.94,48.74,2.82,11.47,PSN,Gold,30:02.1
Zenyatta,SUPPORT,3.93,50.53,2.4,8.54,PSN,Gold,30:02.1
Orisa,TANK,3.73,52.55,2.58,8.89,PSN,Gold,30:02.1
Brigitte,SUPPORT,2.65,54.39,1.96,12.81,PSN,Gold,30:02.1
Hanzo,DEFENSE,2.45,45.91,2.37,12.15,PSN,Gold,30:02.1
Genji,OFFENSE,2.32,46.25,1.92,8.36,PSN,Gold,30:02.1
McCree,OFFENSE,2.31,45.89,1.51,9.87,PSN,Gold,30:02.1
Roadhog,TANK,2.31,46.25,1.59,8.33,PSN,Gold,30:02.1
Symmetra,SUPPORT,2.04,56.8,3.18,10.16,PSN,Gold,30:02.1
Wrecking Ball,TANK,2,47.63,2.12,2.61,PSN,Gold,30:02.1
Soldier: 76,OFFENSE,1.94,48.04,1.74,10.63,PSN,Gold,30:02.1
Ashe,OFFENSE,1.9,46.38,1.98,8.15,PSN,Gold,30:02.1
Widowmaker,DEFENSE,1.8,44.06,1.85,7.52,PSN,Gold,30:02.1
Sombra,OFFENSE,1.73,42.94,2.79,13.08,PSN,Gold,30:02.1
Pharah,OFFENSE,1.62,45.59,1.72,10.83,PSN,Gold,30:02.1
Mei,DEFENSE,1.51,49.07,2.17,10.5,PSN,Gold,30:02.1
Torbjorn,DEFENSE,1.43,55.13,2.63,9.57,PSN,Gold,30:02.1
Winston,TANK,1.4,45.28,1.69,4.43,PSN,Gold,30:02.1
Tracer,OFFENSE,1.25,44.11,1.85,7.93,PSN,Gold,30:02.1
Bastion,DEFENSE,1.18,48.33,3.16,14.93,PSN,Gold,30:02.1
Doomfist,OFFENSE,0.66,45.74,1.91,6.51,PSN,Gold,30:02.1
Reinhardt,TANK,10.78,51.29,2.45,8.07,PSN,Platinum,30:02.1
Moira,SUPPORT,7.93,52.04,2.58,9.97,PSN,Platinum,30:02.1
Lucio,SUPPORT,7.47,52.63,2.23,12.54,PSN,Platinum,30:02.1
Mercy,SUPPORT,7.15,50.49,2.5,1.71,PSN,Platinum,30:02.1
Zarya,TANK,6.01,49.69,2.5,10.98,PSN,Platinum,30:02.1
D.Va,TANK,5.73,52.56,2.26,8.77,PSN,Platinum,30:02.1
Ana,SUPPORT,5.56,47.33,2.39,9.3,PSN,Platinum,30:02.1
Zenyatta,SUPPORT,3.83,52.72,2.22,8.47,PSN,Platinum,30:02.1
Reaper,OFFENSE,3.76,50.73,2.09,18.02,PSN,Platinum,30:02.1
McCree,OFFENSE,3.58,46.82,1.58,11.29,PSN,Platinum,30:02.1
Genji,OFFENSE,3.53,47.87,1.76,10.26,PSN,Platinum,30:02.1
Hanzo,DEFENSE,3.26,47.67,2.17,14.06,PSN,Platinum,30:02.1
Roadhog,TANK,3.22,50.23,1.65,10.74,PSN,Platinum,30:02.1
Orisa,TANK,2.77,54.78,2.09,9.24,PSN,Platinum,30:02.1
Junkrat,DEFENSE,2.76,53.06,2.95,12.13,PSN,Platinum,30:02.1
Widowmaker,DEFENSE,2.64,47.51,1.44,9.29,PSN,Platinum,30:02.1
Wrecking Ball,TANK,2.37,51.03,1.75,3.07,PSN,Platinum,30:02.1
Brigitte,SUPPORT,2.07,55.75,1.67,13.24,PSN,Platinum,30:02.1
Ashe,OFFENSE,2.04,50.09,1.94,8.86,PSN,Platinum,30:02.1
Pharah,OFFENSE,2.02,49.43,1.87,14.74,PSN,Platinum,30:02.1
Soldier: 76,OFFENSE,1.82,49.81,1.93,11.47,PSN,Platinum,30:02.1
Sombra,OFFENSE,1.7,47.52,2.07,15.97,PSN,Platinum,30:02.1
Tracer,OFFENSE,1.65,46.01,1.48,8.95,PSN,Platinum,30:02.1
Winston,TANK,1.34,46.98,1.86,5.31,PSN,Platinum,30:02.1
Symmetra,SUPPORT,1.27,57.58,2.96,10.36,PSN,Platinum,30:02.1
Mei,DEFENSE,1.12,51.45,2.32,10.04,PSN,Platinum,30:02.1
Torbjorn,DEFENSE,1.07,55.47,3.06,9.74,PSN,Platinum,30:02.1
Doomfist,OFFENSE,0.82,50.39,1.59,7.62,PSN,Platinum,30:02.1
Bastion,DEFENSE,0.71,49.22,2.75,16.37,PSN,Platinum,30:02.1
Reinhardt,TANK,10.46,53.3,2.21,7.86,PSN,Diamond,30:02.1
Lucio,SUPPORT,7.72,53.7,1.99,12.59,PSN,Diamond,30:02.1
Mercy,SUPPORT,7.51,52.86,2.11,2.03,PSN,Diamond,30:02.1
Zarya,TANK,6.61,52.39,2.15,12.44,PSN,Diamond,30:02.1
Moira,SUPPORT,5.98,53.18,1.99,10.05,PSN,Diamond,30:02.1
Ana,SUPPORT,5.4,50.58,1.91,10.03,PSN,Diamond,30:02.1
D.Va,TANK,4.42,53.32,1.86,8.28,PSN,Diamond,30:02.1
McCree,OFFENSE,4.16,50.16,1.6,12.29,PSN,Diamond,30:02.1
Roadhog,TANK,4.11,51.37,1.41,11.81,PSN,Diamond,30:02.1
Zenyatta,SUPPORT,3.92,54.4,1.98,7.73,PSN,Diamond,30:02.1
Genji,OFFENSE,3.85,49.92,1.19,11.07,PSN,Diamond,30:02.1
Hanzo,DEFENSE,3.77,50.44,1.97,15.13,PSN,Diamond,30:02.1
Widowmaker,DEFENSE,3.25,50.88,1.48,10.44,PSN,Diamond,30:02.1
Orisa,TANK,3.19,57.2,1.83,9.2,PSN,Diamond,30:02.1
Reaper,OFFENSE,2.75,54.08,1.52,17.41,PSN,Diamond,30:02.1
Wrecking Ball,TANK,2.74,53.25,1.48,3.6,PSN,Diamond,30:02.1
Pharah,OFFENSE,2.48,52.34,2.2,15.75,PSN,Diamond,30:02.1
Ashe,OFFENSE,2.29,52.33,1.72,11.25,PSN,Diamond,30:02.1
Sombra,OFFENSE,2.17,51.25,1.84,17.84,PSN,Diamond,30:02.1
Tracer,OFFENSE,1.99,49.14,1.34,9.51,PSN,Diamond,30:02.1
Brigitte,SUPPORT,1.93,57.4,1.74,13.4,PSN,Diamond,30:02.1
Soldier: 76,OFFENSE,1.74,56.08,1.73,12.21,PSN,Diamond,30:02.1
Junkrat,DEFENSE,1.49,56.4,2.29,10.96,PSN,Diamond,30:02.1
Winston,TANK,1.3,47.32,1.29,5.43,PSN,Diamond,30:02.1
Symmetra,SUPPORT,1.21,58.8,2.73,9.98,PSN,Diamond,30:02.1
Torbjorn,DEFENSE,1.18,54.58,1.23,9.23,PSN,Diamond,30:02.1
Mei,DEFENSE,0.88,54.12,1.71,9.69,PSN,Diamond,30:02.1
Doomfist,OFFENSE,0.81,50.47,1.36,7.45,PSN,Diamond,30:02.1
Bastion,DEFENSE,0.71,55.6,2.05,16.56,PSN,Diamond,30:02.1
Mercy,SUPPORT,9.75,52.49,1.91,2.16,PSN,Master,30:02.1
Reinhardt,TANK,9.72,52.24,2.14,7.11,PSN,Master,30:02.1
Lucio,SUPPORT,9.56,53.69,1.91,12.53,PSN,Master,30:02.1
Zarya,TANK,6.35,53.29,1.67,12.82,PSN,Master,30:02.1
Hanzo,DEFENSE,5.07,50.05,1.11,15.04,PSN,Master,30:02.1
Roadhog,TANK,5,51.49,1.41,11.44,PSN,Master,30:02.1
Orisa,TANK,4.95,56.83,1.33,8.95,PSN,Master,30:02.1
Ana,SUPPORT,4.17,50.17,1.5,10.25,PSN,Master,30:02.1
McCree,OFFENSE,4.07,50.1,1.04,12.25,PSN,Master,30:02.1
Moira,SUPPORT,3.76,51.39,1.7,9.63,PSN,Master,30:02.1
D.Va,TANK,3.46,51.97,1.63,7.74,PSN,Master,30:02.1
Widowmaker,DEFENSE,3.37,49.41,1.62,10.91,PSN,Master,30:02.1
Pharah,OFFENSE,3.35,50.81,1.91,14.61,PSN,Master,30:02.1
Zenyatta,SUPPORT,3.23,55.09,1.55,6.79,PSN,Master,30:02.1
Genji,OFFENSE,3.06,50.21,1.79,10.92,PSN,Master,30:02.1
Ashe,OFFENSE,2.62,53.39,1.49,12.24,PSN,Master,30:02.1
Sombra,OFFENSE,2.46,49.64,2.03,17.36,PSN,Master,30:02.1
Wrecking Ball,TANK,2.29,54.75,1.09,3.7,PSN,Master,30:02.1
Tracer,OFFENSE,2.15,48.68,1.09,10.34,PSN,Master,30:02.1
Soldier: 76,OFFENSE,1.67,53.73,1.21,11.56,PSN,Master,30:02.1
Reaper,OFFENSE,1.64,48.94,1.05,16.51,PSN,Master,30:02.1
Torbjorn,DEFENSE,1.44,53.61,2.07,9.15,PSN,Master,30:02.1
Brigitte,SUPPORT,1.33,54.76,1.52,12.93,PSN,Master,30:02.1
Winston,TANK,1.22,46.45,0.9,5.22,PSN,Master,30:02.1
Symmetra,SUPPORT,1.21,54.11,2.84,9.34,PSN,Master,30:02.1
Mei,DEFENSE,0.82,50.87,1.15,8.37,PSN,Master,30:02.1
Junkrat,DEFENSE,0.77,52.8,2.23,9.76,PSN,Master,30:02.1
Bastion,DEFENSE,0.76,53.03,1.44,15.99,PSN,Master,30:02.1
Doomfist,OFFENSE,0.75,50.95,1.25,6.53,PSN,Master,30:02.1
Mercy,SUPPORT,11.49,59.76,1.75,2.78,PSN,Grandmaster,30:02.1
Lucio,SUPPORT,8.52,57.14,1.95,13.74,PSN,Grandmaster,30:02.1
Reinhardt,TANK,7.15,56.54,2.49,8.12,PSN,Grandmaster,30:02.1
Roadhog,TANK,6.6,56.18,1.65,13.96,PSN,Grandmaster,30:02.1
Pharah,OFFENSE,6.13,57.93,2.06,14.66,PSN,Grandmaster,30:02.1
Orisa,TANK,5.35,61.76,2.36,10.3,PSN,Grandmaster,30:02.1
Hanzo,DEFENSE,5.27,50.06,2.39,16.94,PSN,Grandmaster,30:02.1
Zarya,TANK,4.7,59.15,2.07,17.2,PSN,Grandmaster,30:02.1
Widowmaker,DEFENSE,4.58,54.86,2.13,13.14,PSN,Grandmaster,30:02.1
McCree,OFFENSE,4.27,52.6,1.61,15.16,PSN,Grandmaster,30:02.1
Sombra,OFFENSE,4.01,55.98,1.86,19.86,PSN,Grandmaster,30:02.1
Tracer,OFFENSE,3.2,56.06,0.9,12.33,PSN,Grandmaster,30:02.1
Wrecking Ball,TANK,3.04,59.35,1.13,5.46,PSN,Grandmaster,30:02.1
Ashe,OFFENSE,2.99,58.64,1.15,14.96,PSN,Grandmaster,30:02.1
Soldier: 76,OFFENSE,2.5,62.88,2.76,14.1,PSN,Grandmaster,30:02.1
Zenyatta,SUPPORT,2.46,54.82,0.7,7.07,PSN,Grandmaster,30:02.1
Ana,SUPPORT,2.19,56.99,0.79,10.68,PSN,Grandmaster,30:02.1
D.Va,TANK,2.16,57.57,1.6,8.53,PSN,Grandmaster,30:02.1
Genji,OFFENSE,1.91,55.29,0.6,14.05,PSN,Grandmaster,30:02.1
Symmetra,SUPPORT,1.85,63.92,1.86,9.9,PSN,Grandmaster,30:02.1
Moira,SUPPORT,1.76,56.62,1.63,11.34,PSN,Grandmaster,30:02.1
Junkrat,DEFENSE,1.51,55.89,0,12.27,PSN,Grandmaster,30:02.1
Reaper,OFFENSE,1.04,54.14,0.55,15.54,PSN,Grandmaster,30:02.1
Mei,DEFENSE,0.99,52.66,1.74,9.31,PSN,Grandmaster,30:02.1
Torbjorn,DEFENSE,0.98,51.79,1.75,8.71,PSN,Grandmaster,30:02.1
Winston,TANK,0.96,56.71,2.38,6.46,PSN,Grandmaster,30:02.1
Doomfist,OFFENSE,0.85,61.54,3.38,8.4,PSN,Grandmaster,30:02.1
Brigitte,SUPPORT,0.84,51.72,1.36,12.99,PSN,Grandmaster,30:02.1
Bastion,DEFENSE,0.71,62.3,1.61,19.77,PSN,Grandmaster,30:02.1
Reinhardt,TANK,11.54,50.71,2.51,7.48,XBL,All,43:28.9
Lucio,SUPPORT,8.37,52.23,2.14,11.88,XBL,All,43:28.9
Moira,SUPPORT,7.92,50.59,2.31,9.21,XBL,All,43:28.9
Mercy,SUPPORT,6.72,49.73,2.38,1.7,XBL,All,43:28.9
Zarya,TANK,6.24,50.09,2.24,11.02,XBL,All,43:28.9
D.Va,TANK,5.85,50.97,2.28,7.91,XBL,All,43:28.9
Ana,SUPPORT,5.1,48.04,2.23,9.52,XBL,All,43:28.9
Zenyatta,SUPPORT,3.84,51.99,2.17,8.12,XBL,All,43:28.9
Reaper,OFFENSE,3.52,50.26,2.01,17.02,XBL,All,43:28.9
McCree,OFFENSE,3.12,48.17,1.58,11.37,XBL,All,43:28.9
Orisa,TANK,3.05,53.79,2.34,8.83,XBL,All,43:28.9
Roadhog,TANK,2.98,50.26,1.78,9.82,XBL,All,43:28.9
Junkrat,DEFENSE,2.98,51.57,2.7,11.88,XBL,All,43:28.9
Hanzo,DEFENSE,2.97,49.3,1.99,14,XBL,All,43:28.9
Genji,OFFENSE,2.77,47.41,1.85,10.04,XBL,All,43:28.9
Widowmaker,DEFENSE,2.65,48.31,1.43,9.15,XBL,All,43:28.9
Wrecking Ball,TANK,2.48,51.47,2.1,3.08,XBL,All,43:28.9
Brigitte,SUPPORT,2.47,54.34,1.82,12.45,XBL,All,43:28.9
Ashe,OFFENSE,2.09,50.87,1.98,9.09,XBL,All,43:28.9
Soldier: 76,OFFENSE,1.68,50.54,1.82,11.09,XBL,All,43:28.9
Sombra,OFFENSE,1.65,47.02,2.46,15.28,XBL,All,43:28.9
Symmetra,SUPPORT,1.59,56.88,2.79,9.74,XBL,All,43:28.9
Tracer,OFFENSE,1.55,47.29,1.43,9.02,XBL,All,43:28.9
Winston,TANK,1.35,46.39,1.46,4.95,XBL,All,43:28.9
Mei,DEFENSE,1.34,51.62,2.07,9.71,XBL,All,43:28.9
Pharah,OFFENSE,1.32,49.06,1.53,10.61,XBL,All,43:28.9
Torbjorn,DEFENSE,1.28,56.28,2.91,9.6,XBL,All,43:28.9
Doomfist,OFFENSE,0.78,50.01,1.52,7.25,XBL,All,43:28.9
Bastion,DEFENSE,0.78,49.75,2.97,15.52,XBL,All,43:28.9
D.Va,TANK,10.7,47.1,1.9,6.07,XBL,Bronze,43:28.9
Moira,SUPPORT,9.17,51.25,1.48,5.73,XBL,Bronze,43:28.9
Lucio,SUPPORT,8.42,43.41,2.41,8.1,XBL,Bronze,43:28.9
Mercy,SUPPORT,7.11,42.21,2.22,0.85,XBL,Bronze,43:28.9
Orisa,TANK,5.58,51.48,4.05,4.72,XBL,Bronze,43:28.9
Reinhardt,TANK,5.13,42.22,0.88,4.91,XBL,Bronze,43:28.9
Ana,SUPPORT,3.84,41.82,2.94,6.3,XBL,Bronze,43:28.9
Junkrat,DEFENSE,3.66,42.77,1.85,15.48,XBL,Bronze,43:28.9
Widowmaker,DEFENSE,3.48,34.87,1.3,10.27,XBL,Bronze,43:28.9
Genji,OFFENSE,3.43,43.71,0.66,13.44,XBL,Bronze,43:28.9
Torbjorn,DEFENSE,2.98,51.56,3.03,7.65,XBL,Bronze,43:28.9
Zenyatta,SUPPORT,2.87,50,2.36,8.62,XBL,Bronze,43:28.9
Reaper,OFFENSE,2.73,40.34,1.65,12.23,XBL,Bronze,43:28.9
Ashe,OFFENSE,2.62,41.59,2.59,5.53,XBL,Bronze,43:28.9
Wrecking Ball,TANK,2.62,34.78,0.86,3.08,XBL,Bronze,43:28.9
Brigitte,SUPPORT,2.57,50.88,0,7.88,XBL,Bronze,43:28.9
Sombra,OFFENSE,2.37,31.73,0.95,7.1,XBL,Bronze,43:28.9
Symmetra,SUPPORT,2.37,49,4.76,7.05,XBL,Bronze,43:28.9
Bastion,DEFENSE,2.1,41.76,2.15,12.25,XBL,Bronze,43:28.9
Tracer,OFFENSE,2.08,37.36,1.09,5.94,XBL,Bronze,43:28.9
Roadhog,TANK,2.08,41.57,3.26,12.47,XBL,Bronze,43:28.9
Pharah,OFFENSE,2.03,40.91,2.22,8.15,XBL,Bronze,43:28.9
Hanzo,DEFENSE,1.83,31.65,2.47,15.61,XBL,Bronze,43:28.9
Soldier: 76,OFFENSE,1.72,42.67,1.32,13.97,XBL,Bronze,43:28.9
Zarya,TANK,1.51,40.3,0,9.43,XBL,Bronze,43:28.9
McCree,OFFENSE,1.33,25.86,1.69,14.09,XBL,Bronze,43:28.9
Doomfist,OFFENSE,1.24,18.87,3.64,5.49,XBL,Bronze,43:28.9
Winston,TANK,1.24,41.82,0,3.79,XBL,Bronze,43:28.9
Mei,DEFENSE,1.2,32.08,0,8.16,XBL,Bronze,43:28.9
Moira,SUPPORT,10.09,48.01,2.44,8.16,XBL,Silver,43:28.9
D.Va,TANK,9.71,49.05,2.14,7.67,XBL,Silver,43:28.9
Reinhardt,TANK,8.45,45.65,2.66,6.29,XBL,Silver,43:28.9
Mercy,SUPPORT,8.22,45.89,2.27,1.21,XBL,Silver,43:28.9
Lucio,SUPPORT,7.99,51.14,2.16,10.61,XBL,Silver,43:28.9
Orisa,TANK,4.57,49.66,2.16,6.98,XBL,Silver,43:28.9
Junkrat,DEFENSE,4.34,46.36,1.96,11.63,XBL,Silver,43:28.9
Reaper,OFFENSE,4.06,47,2.03,16.59,XBL,Silver,43:28.9
Zenyatta,SUPPORT,3.55,49.01,2.08,8.76,XBL,Silver,43:28.9
Ana,SUPPORT,3.35,43.45,1.8,7.01,XBL,Silver,43:28.9
Zarya,TANK,2.96,44.71,2.22,6.83,XBL,Silver,43:28.9
Brigitte,SUPPORT,2.66,51.57,1.44,11.15,XBL,Silver,43:28.9
Symmetra,SUPPORT,2.58,56.22,1.8,10,XBL,Silver,43:28.9
Hanzo,DEFENSE,2.3,44.7,2.03,11.79,XBL,Silver,43:28.9
Soldier: 76,OFFENSE,2.21,41.74,1.61,11.31,XBL,Silver,43:28.9
Widowmaker,DEFENSE,2.03,41.04,1.22,6.68,XBL,Silver,43:28.9
Roadhog,TANK,1.96,43.97,1.54,7.71,XBL,Silver,43:28.9
Ashe,OFFENSE,1.89,47.21,1.3,6.43,XBL,Silver,43:28.9
Wrecking Ball,TANK,1.81,47.09,1.51,2.82,XBL,Silver,43:28.9
Torbjorn,DEFENSE,1.8,51.94,1.98,10.02,XBL,Silver,43:28.9
Pharah,OFFENSE,1.79,46.01,1.99,7.42,XBL,Silver,43:28.9
Bastion,DEFENSE,1.78,45.35,2.46,15.33,XBL,Silver,43:28.9
Mei,DEFENSE,1.72,45.39,3.34,9.14,XBL,Silver,43:28.9
Genji,OFFENSE,1.69,42.1,2.44,10.31,XBL,Silver,43:28.9
Winston,TANK,1.58,45.13,2.08,3.97,XBL,Silver,43:28.9
Sombra,OFFENSE,1.49,43.4,3.51,9.71,XBL,Silver,43:28.9
McCree,OFFENSE,1.45,43.76,1.33,10.46,XBL,Silver,43:28.9
Tracer,OFFENSE,1.29,43.87,1.48,7.59,XBL,Silver,43:28.9
Doomfist,OFFENSE,0.68,44.44,2.8,5.17,XBL,Silver,43:28.9
Reinhardt,TANK,10.46,49.88,2.55,7.34,XBL,Gold,43:28.9
Moira,SUPPORT,10.12,48.96,2.33,8.75,XBL,Gold,43:28.9
Lucio,SUPPORT,8.27,51.71,2.25,11.05,XBL,Gold,43:28.9
Mercy,SUPPORT,7.49,47.03,2.64,1.39,XBL,Gold,43:28.9
D.Va,TANK,7.3,50.09,2.36,7.94,XBL,Gold,43:28.9
Zarya,TANK,4.71,47.15,2.57,8.4,XBL,Gold,43:28.9
Reaper,OFFENSE,4.2,49.69,2.28,17.22,XBL,Gold,43:28.9
Orisa,TANK,4.2,52.77,2.9,8.47,XBL,Gold,43:28.9
Junkrat,DEFENSE,4.09,50.19,2.94,11.82,XBL,Gold,43:28.9
Ana,SUPPORT,4.07,43.11,2.58,8.21,XBL,Gold,43:28.9
Zenyatta,SUPPORT,3.66,50.63,1.85,8.45,XBL,Gold,43:28.9
Brigitte,SUPPORT,2.79,53.12,2.04,12.08,XBL,Gold,43:28.9
Hanzo,DEFENSE,2.54,47.68,1.61,12.73,XBL,Gold,43:28.9
Roadhog,TANK,2.44,46.45,2.05,7.8,XBL,Gold,43:28.9
Wrecking Ball,TANK,2.2,48.77,2.24,2.59,XBL,Gold,43:28.9
Widowmaker,DEFENSE,2.11,45.37,1.64,7.77,XBL,Gold,43:28.9
McCree,OFFENSE,1.99,45.55,1.52,10.15,XBL,Gold,43:28.9
Symmetra,SUPPORT,1.9,54.3,3.45,9.81,XBL,Gold,43:28.9
Ashe,OFFENSE,1.89,48.76,2.19,7.76,XBL,Gold,43:28.9
Genji,OFFENSE,1.85,44.24,2.05,8.31,XBL,Gold,43:28.9
Soldier: 76,OFFENSE,1.8,49.62,2.39,10.63,XBL,Gold,43:28.9
Mei,DEFENSE,1.59,50.73,2.35,10.4,XBL,Gold,43:28.9
Pharah,OFFENSE,1.47,46.22,1.43,8.9,XBL,Gold,43:28.9
Torbjorn,DEFENSE,1.43,55.98,3.31,9.5,XBL,Gold,43:28.9
Winston,TANK,1.29,44.67,1.37,4.44,XBL,Gold,43:28.9
Sombra,OFFENSE,1.24,42.86,2.1,12.72,XBL,Gold,43:28.9
Tracer,OFFENSE,1.22,43.58,1.79,8.62,XBL,Gold,43:28.9
Bastion,DEFENSE,1.06,48.83,3.9,15.21,XBL,Gold,43:28.9
Doomfist,OFFENSE,0.58,45.35,1.21,6.68,XBL,Gold,43:28.9
Reinhardt,TANK,11.97,50.53,2.63,7.66,XBL,Platinum,43:28.9
Moira,SUPPORT,8.29,50.99,2.28,9.55,XBL,Platinum,43:28.9
Lucio,SUPPORT,7.67,52.35,2.15,12.26,XBL,Platinum,43:28.9
Mercy,SUPPORT,6.34,49.83,2.47,1.75,XBL,Platinum,43:28.9
Zarya,TANK,6.25,49.6,2.47,10.76,XBL,Platinum,43:28.9
D.Va,TANK,5.72,52.01,2.39,8.26,XBL,Platinum,43:28.9
Ana,SUPPORT,5.53,48.33,2.28,9.7,XBL,Platinum,43:28.9
Zenyatta,SUPPORT,3.91,51.85,2.41,8.31,XBL,Platinum,43:28.9
Reaper,OFFENSE,3.76,50.11,2.1,17.5,XBL,Platinum,43:28.9
McCree,OFFENSE,3.19,47.38,1.6,11.49,XBL,Platinum,43:28.9
Junkrat,DEFENSE,3.14,52.29,2.84,12.44,XBL,Platinum,43:28.9
Genji,OFFENSE,3.06,46.54,1.98,10.3,XBL,Platinum,43:28.9
Hanzo,DEFENSE,2.99,49.12,2.48,14.45,XBL,Platinum,43:28.9
Roadhog,TANK,2.92,50.63,2.04,10.09,XBL,Platinum,43:28.9
Orisa,TANK,2.76,54.47,2.18,9.51,XBL,Platinum,43:28.9
Brigitte,SUPPORT,2.65,55.6,1.84,12.82,XBL,Platinum,43:28.9
Wrecking Ball,TANK,2.56,51.03,2.14,3.08,XBL,Platinum,43:28.9
Widowmaker,DEFENSE,2.56,48.14,1.49,9.25,XBL,Platinum,43:28.9
Ashe,OFFENSE,2.13,50.15,1.83,9.08,XBL,Platinum,43:28.9
Soldier: 76,OFFENSE,1.59,50.02,1.86,11.18,XBL,Platinum,43:28.9
Sombra,OFFENSE,1.58,46.63,2.8,15.33,XBL,Platinum,43:28.9
Tracer,OFFENSE,1.53,46.66,1.51,8.85,XBL,Platinum,43:28.9
Symmetra,SUPPORT,1.44,57.47,2.51,10.46,XBL,Platinum,43:28.9
Mei,DEFENSE,1.35,51.09,2.06,9.98,XBL,Platinum,43:28.9
Pharah,OFFENSE,1.3,50.11,1.62,10.99,XBL,Platinum,43:28.9
Winston,TANK,1.25,46.91,1.65,5.05,XBL,Platinum,43:28.9
Torbjorn,DEFENSE,1.13,57.59,3.11,10.04,XBL,Platinum,43:28.9
Doomfist,OFFENSE,0.86,51.61,1.59,7.63,XBL,Platinum,43:28.9
Bastion,DEFENSE,0.58,49.63,2.9,16.39,XBL,Platinum,43:28.9
Reinhardt,TANK,12.91,52.15,2.52,7.6,XBL,Diamond,43:28.9
Lucio,SUPPORT,8.83,53.03,2.22,12.22,XBL,Diamond,43:28.9
Zarya,TANK,8.05,52.55,1.93,12.27,XBL,Diamond,43:28.9
Moira,SUPPORT,6.15,53.88,2.36,9.85,XBL,Diamond,43:28.9
Ana,SUPPORT,5.83,50.79,2.18,10.17,XBL,Diamond,43:28.9
Mercy,SUPPORT,5.66,52.78,2.16,2.02,XBL,Diamond,43:28.9
McCree,OFFENSE,4.21,50.11,1.83,11.5,XBL,Diamond,43:28.9
Zenyatta,SUPPORT,4.14,53.96,2.04,7.66,XBL,Diamond,43:28.9
D.Va,TANK,4.1,52.08,2.15,7.57,XBL,Diamond,43:28.9
Roadhog,TANK,3.64,52.74,1.58,10.61,XBL,Diamond,43:28.9
Genji,OFFENSE,3.51,51.25,1.68,10.31,XBL,Diamond,43:28.9
Hanzo,DEFENSE,3.43,51.55,1.49,14.3,XBL,Diamond,43:28.9
Widowmaker,DEFENSE,3.23,51.34,1.36,10.06,XBL,Diamond,43:28.9
Reaper,OFFENSE,3.03,53.26,1.45,16.55,XBL,Diamond,43:28.9
Wrecking Ball,TANK,2.64,54.61,2.11,3.12,XBL,Diamond,43:28.9
Ashe,OFFENSE,2.13,53.99,2.1,10.11,XBL,Diamond,43:28.9
Brigitte,SUPPORT,2.11,54.46,1.7,12.74,XBL,Diamond,43:28.9
Orisa,TANK,1.99,55.63,1.76,9.09,XBL,Diamond,43:28.9
Junkrat,DEFENSE,1.88,56.13,2.44,10.97,XBL,Diamond,43:28.9
Sombra,OFFENSE,1.84,49.85,2.58,17.04,XBL,Diamond,43:28.9
Tracer,OFFENSE,1.79,51.22,1.4,9.69,XBL,Diamond,43:28.9
Soldier: 76,OFFENSE,1.6,54.1,1.46,10.99,XBL,Diamond,43:28.9
Winston,TANK,1.37,46.78,1.31,5.6,XBL,Diamond,43:28.9
Symmetra,SUPPORT,1.26,61.67,2.91,8.86,XBL,Diamond,43:28.9
Torbjorn,DEFENSE,1.16,57.36,2.71,9.52,XBL,Diamond,43:28.9
Mei,DEFENSE,1.09,57.69,1.56,9.18,XBL,Diamond,43:28.9
Pharah,OFFENSE,1.09,51.26,1.82,12.52,XBL,Diamond,43:28.9
Doomfist,OFFENSE,0.88,52.53,1.62,7.16,XBL,Diamond,43:28.9
Bastion,DEFENSE,0.47,52.33,2.1,15.51,XBL,Diamond,43:28.9
Reinhardt,TANK,12.89,51.54,2.02,7.15,XBL,Master,43:28.9
Lucio,SUPPORT,10.93,51.47,1.78,12.22,XBL,Master,43:28.9
Zarya,TANK,8.94,51.71,1.95,12.52,XBL,Master,43:28.9
Mercy,SUPPORT,6.78,54.01,2.1,2.28,XBL,Master,43:28.9
Ana,SUPPORT,6.41,51.5,1.62,10.6,XBL,Master,43:28.9
McCree,OFFENSE,4.65,50.93,1.21,11.36,XBL,Master,43:28.9
Zenyatta,SUPPORT,3.9,52.62,2.49,6.93,XBL,Master,43:28.9
Roadhog,TANK,3.76,50.79,1.08,10.07,XBL,Master,43:28.9
Moira,SUPPORT,3.67,52.58,2.15,9.61,XBL,Master,43:28.9
Widowmaker,DEFENSE,3.43,49.3,1.05,9.28,XBL,Master,43:28.9
Hanzo,DEFENSE,3.35,50.86,2.02,13.94,XBL,Master,43:28.9
Genji,OFFENSE,3.19,48.28,1.27,9.99,XBL,Master,43:28.9
D.Va,TANK,3.1,50.11,1.46,6.81,XBL,Master,43:28.9
Wrecking Ball,TANK,3.06,54.59,2.06,3.72,XBL,Master,43:28.9
Sombra,OFFENSE,2.38,49.42,1.9,16.62,XBL,Master,43:28.9
Orisa,TANK,2.16,55.45,1.25,9.36,XBL,Master,43:28.9
Ashe,OFFENSE,2.13,52.93,2.12,10.15,XBL,Master,43:28.9
Tracer,OFFENSE,1.94,48.71,0.7,8.74,XBL,Master,43:28.9
Reaper,OFFENSE,1.83,50.69,1.35,14.12,XBL,Master,43:28.9
Winston,TANK,1.66,46.99,0.68,5.27,XBL,Master,43:28.9
Brigitte,SUPPORT,1.65,54.53,1.78,12.34,XBL,Master,43:28.9
Soldier: 76,OFFENSE,1.38,54.74,1.31,10.15,XBL,Master,43:28.9
Symmetra,SUPPORT,1.27,54.73,2.31,8,XBL,Master,43:28.9
Torbjorn,DEFENSE,1.18,54.92,2.87,8.39,XBL,Master,43:28.9
Pharah,OFFENSE,1.05,52.58,0.21,13.51,XBL,Master,43:28.9
Mei,DEFENSE,0.96,53.94,1.18,6.71,XBL,Master,43:28.9
Junkrat,DEFENSE,0.95,60.14,1.9,8.37,XBL,Master,43:28.9
Doomfist,OFFENSE,0.84,53.91,0.8,7.85,XBL,Master,43:28.9
Bastion,DEFENSE,0.56,55.1,1.21,13.82,XBL,Master,43:28.9
Reinhardt,TANK,10.99,57.04,1.94,8.57,XBL,Grandmaster,43:28.9
Lucio,SUPPORT,9.33,57.7,1.52,14.08,XBL,Grandmaster,43:28.9
Mercy,SUPPORT,9.21,57.32,1.46,2.07,XBL,Grandmaster,43:28.9
Zarya,TANK,8.98,53.61,1.32,17.47,XBL,Grandmaster,43:28.9
McCree,OFFENSE,4.96,50.65,1.12,14.85,XBL,Grandmaster,43:28.9
Roadhog,TANK,4.8,58.74,0.99,14.18,XBL,Grandmaster,43:28.9
Hanzo,DEFENSE,4.44,51.72,1.96,17.62,XBL,Grandmaster,43:28.9
D.Va,TANK,4.05,53.61,2.73,8.21,XBL,Grandmaster,43:28.9
Ana,SUPPORT,3.92,55.53,1.61,12.3,XBL,Grandmaster,43:28.9
Widowmaker,DEFENSE,3.91,57.79,1.41,11.94,XBL,Grandmaster,43:28.9
Ashe,OFFENSE,3.45,58.08,2.06,14.21,XBL,Grandmaster,43:28.9
Sombra,OFFENSE,3.34,56.12,1.18,21.39,XBL,Grandmaster,43:28.9
Zenyatta,SUPPORT,2.91,57.73,1.63,8.6,XBL,Grandmaster,43:28.9
Genji,OFFENSE,2.89,51.52,1.37,12.87,XBL,Grandmaster,43:28.9
Tracer,OFFENSE,2.81,52.69,0.84,11.72,XBL,Grandmaster,43:28.9
Wrecking Ball,TANK,2.75,57.89,1.72,4.9,XBL,Grandmaster,43:28.9
Orisa,TANK,2.36,66.21,1.68,11.81,XBL,Grandmaster,43:28.9
Soldier: 76,OFFENSE,2.19,60.87,0.36,15.66,XBL,Grandmaster,43:28.9
Winston,TANK,1.77,53.88,2.23,5,XBL,Grandmaster,43:28.9
Symmetra,SUPPORT,1.6,61.93,2.48,9.42,XBL,Grandmaster,43:28.9
Pharah,OFFENSE,1.49,56.68,0.53,15.86,XBL,Grandmaster,43:28.9
Torbjorn,DEFENSE,1.47,57.84,0.54,8.59,XBL,Grandmaster,43:28.9
Brigitte,SUPPORT,1.26,56.96,1.25,14.25,XBL,Grandmaster,43:28.9
Bastion,DEFENSE,1.13,66.91,2.8,16.94,XBL,Grandmaster,43:28.9
Reaper,OFFENSE,1.08,51.49,2.19,17.09,XBL,Grandmaster,43:28.9
Mei,DEFENSE,0.97,52.03,0,9.8,XBL,Grandmaster,43:28.9
Doomfist,OFFENSE,0.83,50.48,0,8.97,XBL,Grandmaster,43:28.9
Moira,SUPPORT,0.68,47.06,1.16,11.9,XBL,Grandmaster,43:28.9
Junkrat,DEFENSE,0.43,49.09,0,9.98,XBL,Grandmaster,43:28.9
